"event_id","time","latitude","longitude","depth_km","magnitude","magnitude_type","place","event_type","url"
"us7000pp13","2025-03-31T15:54:17.424Z","-10.0069","119.0489","11.867","5.6","mww","67 km SSW of Tambolaka, Indonesia","earthquake","https://earthquake.usgs.gov/earthquakes/eventpage/us7000pp13"
"us7000pp0s","2025-03-31T13:36:16.026Z","0.7628","-29.6505","10","5.2","mb","central Mid-Atlantic Ridge","earthquake","https://earthquake.usgs.gov/earthquakes/eventpage/us7000pp0s"
"us7000pnxn","2025-03-30T21:51:41.778Z","-20.267","-173.978","10","5.2","mww","63 km SE of Pangai, Tonga","earthquake","https://earthquake.usgs.gov/earthquakes/eventpage/us7000pnxn"
"us7000pnvv","2025-03-30T15:33:49.612Z","-20.2249","-174.0813","27.136","5.9","mww","53 km SSE of Pangai, Tonga","earthquake","https://earthquake.usgs.gov/earthquakes/eventpage/us7000pnvv"
"us7000pnvu","2025-03-30T15:26:13.319Z","-20.5078","-173.7698","10","5","mb","98 km SE of Pangai, Tonga","earthquake","https://earthquake.usgs.gov/earthquakes/eventpage/us7000pnvu"
"us7000pnvp","2025-03-30T15:04:54.834Z","-20.3816","-174.0115","17","6.2","mww","72 km SSE of Pangai, Tonga","earthquake","https://earthquake.usgs.gov/earthquakes/eventpage/us7000pnvp"
"us7000pntq","2025-03-30T12:18:50.362Z","-20.3036","-174.0718","29","7","mww","61 km SSE of Pangai, Tonga","earthquake","https://earthquake.usgs.gov/earthquakes/eventpage/us7000pntq"
"us7000pnri","2025-03-30T02:58:33.125Z","5.5006","95.3597","10","5.1","mb","5 km SSE of Banda Aceh, Indonesia","earthquake","https://earthquake.usgs.gov/earthquakes/eventpage/us7000pnri"
"us7000pnkj","2025-03-29T09:20:48.229Z","19.6858","96.0761","10","5.1","mb","8 km SW of Nay Pyi Taw, Burma (Myanmar)","earthquake","https://earthquake.usgs.gov/earthquakes/eventpage/us7000pnkj"
"us7000pnig","2025-03-29T02:11:07.143Z","12.5449","147.8694","10","5.2","mb","Mariana Islands region","earthquake","https://earthquake.usgs.gov/earthquakes/eventpage/us7000pnig"
"us7000pnf2","2025-03-28T17:17:27.868Z","0.7561","-29.7635","12.323","6.6","mww","central Mid-Atlantic Ridge","earthquake","https://earthquake.usgs.gov/earthquakes/eventpage/us7000pnf2"
"us7000pn9z","2025-03-28T06:32:04.777Z","21.6975","95.969","10","6.7","mww","Burma (Myanmar)","earthquake","https://earthquake.usgs.gov/earthquakes/eventpage/us7000pn9z"
"us7000pn9s","2025-03-28T06:20:52.715Z","22.011","95.9363","10","7.7","mww","2025 Mandalay, Burma (Myanmar) Earthquake","earthquake","https://earthquake.usgs.gov/earthquakes/eventpage/us7000pn9s"
"us7000pn8t","2025-03-28T01:53:55.681Z","-15.9497","168.139","167.556","5","mb","79 km ENE of Lakatoro, Vanuatu","earthquake","https://earthquake.usgs.gov/earthquakes/eventpage/us7000pn8t"
"us7000pn8m","2025-03-28T01:20:04.771Z","-19.2093","168.8176","37","5.7","mww","61 km NW of Isangel, Vanuatu","earthquake","https://earthquake.usgs.gov/earthquakes/eventpage/us7000pn8m"
"us7000pn7g","2025-03-28T00:34:21.875Z","0.7055","-29.665","10","6.1","mww","central Mid-Atlantic Ridge","earthquake","https://earthquake.usgs.gov/earthquakes/eventpage/us7000pn7g"
"us7000pn66","2025-03-27T21:33:13.778Z","-22.9829","-113.1135","10","5","mb","Easter Island region","earthquake","https://earthquake.usgs.gov/earthquakes/eventpage/us7000pn66"
"us7000pn5l","2025-03-27T19:42:56.970Z","-6.413","149.9623","23.128","5.2","mww","51 km ESE of Kandrian, Papua New Guinea","earthquake","https://earthquake.usgs.gov/earthquakes/eventpage/us7000pn5l"
"us7000pmxp","2025-03-27T00:41:25.987Z","-56.1929","-27.4264","123.592","5.7","mww","South Sandwich Islands region","earthquake","https://earthquake.usgs.gov/earthquakes/eventpage/us7000pmxp"
"us7000pmwp","2025-03-26T21:41:39.099Z","-30.1648","-177.7488","35","5","mb","Kermadec Islands, New Zealand","earthquake","https://earthquake.usgs.gov/earthquakes/eventpage/us7000pmwp"
"us7000pmpg","2025-03-26T07:26:21.203Z","-58.9779","-25.461","35","5.3","mww","South Sandwich Islands region","earthquake","https://earthquake.usgs.gov/earthquakes/eventpage/us7000pmpg"
"us7000pmp9","2025-03-26T06:45:26.097Z","-7.1161","155.6966","10","5.1","mb","91 km SSE of Panguna, Papua New Guinea","earthquake","https://earthquake.usgs.gov/earthquakes/eventpage/us7000pmp9"
"us7000pmng","2025-03-26T03:48:49.599Z","-9.9302","160.5823","10","5","mb","88 km SE of Honiara, Solomon Islands","earthquake","https://earthquake.usgs.gov/earthquakes/eventpage/us7000pmng"
"us7000pmm9","2025-03-25T22:55:53.097Z","-20.2166","-69.1246","99.584","5.3","mww","57 km ENE of La Tirana, Chile","earthquake","https://earthquake.usgs.gov/earthquakes/eventpage/us7000pmm9"
"us7000pmgz","2025-03-25T09:50:50.980Z","-6.3052","130.3559","128.431","5","mb","275 km WSW of Tual, Indonesia","earthquake","https://earthquake.usgs.gov/earthquakes/eventpage/us7000pmgz"
"us7000pmfb","2025-03-25T02:56:27.725Z","-46.6837","165.7542","10","5.4","mww","177 km W of Riverton, New Zealand","earthquake","https://earthquake.usgs.gov/earthquakes/eventpage/us7000pmfb"
"us7000pmem","2025-03-25T01:43:11.796Z","-46.7305","165.8632","21","6.7","mww","170 km WSW of Riverton, New Zealand","earthquake","https://earthquake.usgs.gov/earthquakes/eventpage/us7000pmem"
"us6000q3pb","2025-03-24T13:43:11.734Z","-64.3844","176.2577","10","5","mww","Balleny Islands region","earthquake","https://earthquake.usgs.gov/earthquakes/eventpage/us6000q3pb"
"us7000pm7w","2025-03-24T11:21:38.311Z","28.1045","105.3353","10","5","mb","12 km SW of Xuyong, China","earthquake","https://earthquake.usgs.gov/earthquakes/eventpage/us7000pm7w"
"us7000pm7v","2025-03-24T11:17:45.391Z","30.7301","57.3603","10","5.1","mb","56 km NNE of Kerman, Iran","earthquake","https://earthquake.usgs.gov/earthquakes/eventpage/us7000pm7v"
"us7000pm5f","2025-03-24T04:35:09.150Z","-29.7106","-71.3044","79.842","5.1","mww","22 km NNW of La Serena, Chile","earthquake","https://earthquake.usgs.gov/earthquakes/eventpage/us7000pm5f"
"us7000pm5g","2025-03-24T04:29:29.100Z","10.1202","93.7118","10","5.1","mww","200 km SSE of Port Blair, India","earthquake","https://earthquake.usgs.gov/earthquakes/eventpage/us7000pm5g"
"us7000pm4g","2025-03-23T23:36:23.698Z","-19.3707","-172.4924","10","5.1","mb","176 km ESE of Neiafu, Tonga","earthquake","https://earthquake.usgs.gov/earthquakes/eventpage/us7000pm4g"
"us7000plxa","2025-03-22T22:14:27.204Z","25.6669","124.7579","126.885","5.1","mww","110 km NNW of Hirara, Japan","earthquake","https://earthquake.usgs.gov/earthquakes/eventpage/us7000plxa"
"us7000pluz","2025-03-22T12:51:43.523Z","-14.0776","166.9915","119.662","5.3","mww","64 km WSW of Sola, Vanuatu","earthquake","https://earthquake.usgs.gov/earthquakes/eventpage/us7000pluz"
"us7000plu1","2025-03-22T09:49:21.891Z","51.1545","-176.1067","20","5.6","mww","88 km SSE of Adak, Alaska","earthquake","https://earthquake.usgs.gov/earthquakes/eventpage/us7000plu1"
"us7000plrn","2025-03-22T01:15:13.647Z","-26.0219","-178.7644","347.281","5.5","mww","south of the Fiji Islands","earthquake","https://earthquake.usgs.gov/earthquakes/eventpage/us7000plrn"
"us7000plq1","2025-03-21T19:28:19.572Z","-8.6014","159.3407","10","5","mb","57 km SSW of Buala, Solomon Islands","earthquake","https://earthquake.usgs.gov/earthquakes/eventpage/us7000plq1"
"us7000plp9","2025-03-21T17:08:51.299Z","-7.0879","155.6813","83.04","5","mb","88 km SSE of Panguna, Papua New Guinea","earthquake","https://earthquake.usgs.gov/earthquakes/eventpage/us7000plp9"
"us7000pllz","2025-03-21T15:03:25.258Z","51.1928","-176.0662","35","5","mb","85 km SSE of Adak, Alaska","earthquake","https://earthquake.usgs.gov/earthquakes/eventpage/us7000pllz"
"us7000pllx","2025-03-21T14:58:28.059Z","51.1563","-176.1097","26.674","5.9","mww","87 km SSE of Adak, Alaska","earthquake","https://earthquake.usgs.gov/earthquakes/eventpage/us7000pllx"
"us7000pllu","2025-03-21T14:53:41.774Z","51.1558","-176.0703","17","6.2","mww","88 km SSE of Adak, Alaska","earthquake","https://earthquake.usgs.gov/earthquakes/eventpage/us7000pllu"
"us7000pllt","2025-03-21T14:50:51.364Z","6.9863","-82.4666","10","6.2","mww","124 km SSE of Burica, Panama","earthquake","https://earthquake.usgs.gov/earthquakes/eventpage/us7000pllt"
"us7000pljf","2025-03-21T09:33:45.914Z","43.3639","104.065","10","5","mb","37 km SW of Dalandzadgad, Mongolia","earthquake","https://earthquake.usgs.gov/earthquakes/eventpage/us7000pljf"
"us7000plg4","2025-03-20T23:13:16.427Z","-46.6991","102.3219","10","5","mww","southeast Indian Ridge","earthquake","https://earthquake.usgs.gov/earthquakes/eventpage/us7000plg4"
"us7000plf7","2025-03-20T21:00:09.168Z","-16.4872","66.6054","10","5.4","mww","Mid-Indian Ridge","earthquake","https://earthquake.usgs.gov/earthquakes/eventpage/us7000plf7"
"us7000pled","2025-03-20T19:36:03.829Z","-22.8507","172.4777","10","5.2","mww","southeast of the Loyalty Islands","earthquake","https://earthquake.usgs.gov/earthquakes/eventpage/us7000pled"
"us6000q001","2025-03-20T12:04:21.686Z","-56.2513","-27.0028","117.923","5.3","mb","South Sandwich Islands region","earthquake","https://earthquake.usgs.gov/earthquakes/eventpage/us6000q001"
"us6000pzy8","2025-03-20T08:15:18.714Z","13.0126","-88.8131","68.651","5","mww","41 km SW of Puerto El Triunfo, El Salvador","earthquake","https://earthquake.usgs.gov/earthquakes/eventpage/us6000pzy8"
"us6000pzxi","2025-03-20T06:30:19.231Z","-60.4288","-27.2551","24.071","5.7","mww","South Sandwich Islands region","earthquake","https://earthquake.usgs.gov/earthquakes/eventpage/us6000pzxi"
"us6000pzxa","2025-03-20T06:07:08.453Z","51.1529","-176.1211","20","5.2","mww","87 km SSE of Adak, Alaska","earthquake","https://earthquake.usgs.gov/earthquakes/eventpage/us6000pzxa"
"us6000pzwx","2025-03-20T05:13:06.399Z","51.0945","-176.0968","35","5.4","mww","94 km SSE of Adak, Alaska","earthquake","https://earthquake.usgs.gov/earthquakes/eventpage/us6000pzwx"
"us6000pzwb","2025-03-20T04:28:51.980Z","51.1094","-176.0641","17","5.6","mww","93 km SSE of Adak, Alaska","earthquake","https://earthquake.usgs.gov/earthquakes/eventpage/us6000pzwb"
"us6000pzw2","2025-03-20T03:56:15.305Z","12.7672","48.7853","10","5.2","mww","169 km NNW of Bosaso, Somalia","earthquake","https://earthquake.usgs.gov/earthquakes/eventpage/us6000pzw2"
"us6000pzqt","2025-03-19T11:46:21.789Z","-60.5361","-26.6432","10","5.1","mb","South Sandwich Islands region","earthquake","https://earthquake.usgs.gov/earthquakes/eventpage/us6000pzqt"
"us6000pzqc","2025-03-19T08:13:08.362Z","51.0428","-176.1399","13.018","5","mww","98 km SSE of Adak, Alaska","earthquake","https://earthquake.usgs.gov/earthquakes/eventpage/us6000pzqc"
"us6000pznk","2025-03-18T22:52:34.157Z","-55.378","-28.9052","36.839","5.6","mww","South Sandwich Islands region","earthquake","https://earthquake.usgs.gov/earthquakes/eventpage/us6000pznk"
"us6000pzn5","2025-03-18T21:17:48.760Z","-30.0662","-71.283","68.436","5.3","mww","13 km SSE of Coquimbo, Chile","earthquake","https://earthquake.usgs.gov/earthquakes/eventpage/us6000pzn5"
"us6000pzix","2025-03-18T07:49:00.454Z","24.3088","94.8302","118.337","5.1","mww","83 km ESE of Wāngjing, India","earthquake","https://earthquake.usgs.gov/earthquakes/eventpage/us6000pzix"
"us6000pzhi","2025-03-18T02:27:34.578Z","-55.7425","-34.3458","10","5","mb","South Georgia Island region","earthquake","https://earthquake.usgs.gov/earthquakes/eventpage/us6000pzhi"
"us6000pzf4","2025-03-17T22:23:36.962Z","1.8751","99.1323","46.856","5.4","mww","41 km ENE of Sibolga, Indonesia","earthquake","https://earthquake.usgs.gov/earthquakes/eventpage/us6000pzf4"
"us6000pzf1","2025-03-17T21:18:02.059Z","-5.9036","145.8589","65.417","5.1","mb","42 km N of Kainantu, Papua New Guinea","earthquake","https://earthquake.usgs.gov/earthquakes/eventpage/us6000pzf1"
"us6000pzdr","2025-03-17T17:42:24.514Z","-9.0952","124.1633","97.152","5.1","mb","26 km WNW of Pante Makasar, Timor Leste","earthquake","https://earthquake.usgs.gov/earthquakes/eventpage/us6000pzdr"
"us6000pzdn","2025-03-17T17:32:18.505Z","-2.831","130.1617","18","5.8","mww","142 km ENE of Masohi, Indonesia","earthquake","https://earthquake.usgs.gov/earthquakes/eventpage/us6000pzdn"
"us6000pzb3","2025-03-17T12:39:35.509Z","-26.9916","-176.9563","80.278","5","mww","south of the Fiji Islands","earthquake","https://earthquake.usgs.gov/earthquakes/eventpage/us6000pzb3"
"us6000pzam","2025-03-17T09:50:24.150Z","19.4443","-109.0828","10","5.5","mww","Revilla Gigedo Islands region","earthquake","https://earthquake.usgs.gov/earthquakes/eventpage/us6000pzam"
"us6000pza2","2025-03-17T07:40:27.905Z","19.6989","-109.1753","10","5.1","mww","Revilla Gigedo Islands region","earthquake","https://earthquake.usgs.gov/earthquakes/eventpage/us6000pza2"
"us6000pz7g","2025-03-16T18:53:08.794Z","9.379","40.0784","10","5.4","mww","44 km NNW of Āwash, Ethiopia","earthquake","https://earthquake.usgs.gov/earthquakes/eventpage/us6000pz7g"
"us6000pz1v","2025-03-15T16:28:36.764Z","-6.0962","147.5529","56.75","5","mb","60 km NNW of Finschhafen, Papua New Guinea","earthquake","https://earthquake.usgs.gov/earthquakes/eventpage/us6000pz1v"
"us6000pyyq","2025-03-15T03:19:27.274Z","17.3361","-97.4253","62","5.6","mww","5 km W of San Pedro Tidaá, Mexico","earthquake","https://earthquake.usgs.gov/earthquakes/eventpage/us6000pyyq"
"us6000pyxv","2025-03-14T23:42:32.269Z","-55.8177","-27.07","13","5.9","mww","South Sandwich Islands region","earthquake","https://earthquake.usgs.gov/earthquakes/eventpage/us6000pyxv"
"us6000pywp","2025-03-14T19:37:15.436Z","41.9796","15.4373","9.637","5","mww","14 km NNE of Lesina, Italy","earthquake","https://earthquake.usgs.gov/earthquakes/eventpage/us6000pywp"
"us6000pysg","2025-03-14T11:13:32.449Z","1.1243","120.2572","27.644","5.4","mww","228 km N of Palu, Indonesia","earthquake","https://earthquake.usgs.gov/earthquakes/eventpage/us6000pysg"
"us6000pyp3","2025-03-13T21:20:05.314Z","33.0503","76.6596","10","5.1","mww","50 km SSW of Padam, India","earthquake","https://earthquake.usgs.gov/earthquakes/eventpage/us6000pyp3"
"us6000pykl","2025-03-13T15:45:42.430Z","-7.5368","127.7226","176.888","5","mww","135 km NE of Lospalos, Timor Leste","earthquake","https://earthquake.usgs.gov/earthquakes/eventpage/us6000pykl"
"us6000pyi3","2025-03-13T05:09:38.116Z","23.0969","121.5318","14.692","5.2","mww","97 km S of Hualien City, Taiwan","earthquake","https://earthquake.usgs.gov/earthquakes/eventpage/us6000pyi3"
"us6000pybu","2025-03-12T15:09:44.490Z","8.3112","127.3806","9","5.5","mww","105 km E of Barcelona, Philippines","earthquake","https://earthquake.usgs.gov/earthquakes/eventpage/us6000pybu"
"us6000py97","2025-03-12T05:42:11.676Z","6.9701","92.5548","23","6","mww","Nicobar Islands, India region","earthquake","https://earthquake.usgs.gov/earthquakes/eventpage/us6000py97"
"us6000py4l","2025-03-11T14:08:08.434Z","-10.479","-70.6352","648.298","5.6","mww","126 km WNW of Iñapari, Peru","earthquake","https://earthquake.usgs.gov/earthquakes/eventpage/us6000py4l"
"us6000py3p","2025-03-11T08:32:13.466Z","11.4145","-81.6185","10","5.4","mww","Western Caribbean Sea","earthquake","https://earthquake.usgs.gov/earthquakes/eventpage/us6000py3p"
"us6000py3k","2025-03-11T08:14:36.230Z","37.4939","-25.1323","10","5.1","mww","30 km SSE of Povoação, Portugal","earthquake","https://earthquake.usgs.gov/earthquakes/eventpage/us6000py3k"
"us6000py2d","2025-03-11T02:10:46.379Z","28.7976","130.2951","28.76","5.1","mww","78 km ENE of Tatsugō, Japan","earthquake","https://earthquake.usgs.gov/earthquakes/eventpage/us6000py2d"
"us6000py1g","2025-03-10T22:15:19.718Z","-11.6139","-13.1369","10","5","mb","Ascension Island region","earthquake","https://earthquake.usgs.gov/earthquakes/eventpage/us6000py1g"
"us6000pxvx","2025-03-10T02:33:14.609Z","71.176","-8.1733","10","6.5","mww","34 km NE of Olonkinbyen, Svalbard and Jan Mayen","earthquake","https://earthquake.usgs.gov/earthquakes/eventpage/us6000pxvx"
"us6000pxrm","2025-03-09T05:57:57.426Z","28.7107","130.1682","35.668","5.2","mb","62 km ENE of Tatsugō, Japan","earthquake","https://earthquake.usgs.gov/earthquakes/eventpage/us6000pxrm"
"us6000pxxd","2025-03-09T05:16:39.592Z","-61.4813","153.9598","10","5.4","mww","Balleny Islands region","earthquake","https://earthquake.usgs.gov/earthquakes/eventpage/us6000pxxd"
"us6000pxrf","2025-03-09T04:24:23.513Z","28.7208","130.0465","35","5","mww","52 km NE of Tatsugō, Japan","earthquake","https://earthquake.usgs.gov/earthquakes/eventpage/us6000pxrf"
"us6000pxpv","2025-03-08T23:42:55.012Z","28.7303","130.2922","26","5.7","mww","74 km ENE of Tatsugō, Japan","earthquake","https://earthquake.usgs.gov/earthquakes/eventpage/us6000pxpv"
"us6000pxnp","2025-03-08T18:54:04.724Z","28.6865","130.192","24","5.7","mww","63 km ENE of Tatsugō, Japan","earthquake","https://earthquake.usgs.gov/earthquakes/eventpage/us6000pxnp"
"us6000pxlv","2025-03-08T08:50:17.952Z","28.5719","87.5508","10","5","mww","100 km NE of Lobuche, Nepal","earthquake","https://earthquake.usgs.gov/earthquakes/eventpage/us6000pxlv"
"us6000pxln","2025-03-08T07:12:17.150Z","40.2125","142.2891","57.12","5.2","mww","41 km ENE of Noda, Japan","earthquake","https://earthquake.usgs.gov/earthquakes/eventpage/us6000pxln"
"us6000pxlb","2025-03-08T05:37:41.913Z","-1.3443","-77.5464","191.941","5.3","mww","48 km SE of Tena, Ecuador","earthquake","https://earthquake.usgs.gov/earthquakes/eventpage/us6000pxlb"
"us6000pxht","2025-03-07T20:45:59.563Z","-46.5453","96.2623","10","5.2","mww","southeast Indian Ridge","earthquake","https://earthquake.usgs.gov/earthquakes/eventpage/us6000pxht"
"us6000pxef","2025-03-07T12:42:48.302Z","5.4937","94.6405","65.385","5","mww","76 km W of Banda Aceh, Indonesia","earthquake","https://earthquake.usgs.gov/earthquakes/eventpage/us6000pxef"
"us6000pxeb","2025-03-07T12:17:52.410Z","-14.5617","-72.0456","114.325","5.4","mww","12 km NNW of Cayarani, Peru","earthquake","https://earthquake.usgs.gov/earthquakes/eventpage/us6000pxeb"
"us6000pxdf","2025-03-07T08:34:03.808Z","-2.4858","121.0319","10","5","mww","78 km E of Masamba, Indonesia","earthquake","https://earthquake.usgs.gov/earthquakes/eventpage/us6000pxdf"
"us6000px89","2025-03-06T16:21:39.333Z","-23.3399","-69.0636","96","6","mww","98 km S of Calama, Chile","earthquake","https://earthquake.usgs.gov/earthquakes/eventpage/us6000px89"
"us6000px4p","2025-03-06T00:16:28.836Z","-5.0872","68.5939","10","5.1","mww","Chagos Archipelago region","earthquake","https://earthquake.usgs.gov/earthquakes/eventpage/us6000px4p"
"us6000px3f","2025-03-05T20:13:08.429Z","2.3317","-98.7959","10","5.3","mww","west of the Galapagos Islands","earthquake","https://earthquake.usgs.gov/earthquakes/eventpage/us6000px3f"
"us6000px2p","2025-03-05T18:05:02.737Z","-12.8503","166.7919","109.509","5","mww","140 km NW of Sola, Vanuatu","earthquake","https://earthquake.usgs.gov/earthquakes/eventpage/us6000px2p"
"us6000px0a","2025-03-05T09:43:12.169Z","15.6001","-95.0945","28.681","5.5","mww","60 km SSE of Santa Gertrudis Miramar, Mexico","earthquake","https://earthquake.usgs.gov/earthquakes/eventpage/us6000px0a"
"us6000pwz6","2025-03-05T05:36:35.568Z","24.5491","94.6954","88.157","5.4","mww","64 km E of Wāngjing, India","earthquake","https://earthquake.usgs.gov/earthquakes/eventpage/us6000pwz6"
"us6000pwx1","2025-03-04T22:06:43.695Z","16.9032","95.623","10","5.1","mww","15 km S of Nyaungdon, Burma (Myanmar)","earthquake","https://earthquake.usgs.gov/earthquakes/eventpage/us6000pwx1"
"us6000pwrb","2025-03-04T07:07:43.154Z","-9.878","160.7833","10","5.1","mww","103 km ESE of Honiara, Solomon Islands","earthquake","https://earthquake.usgs.gov/earthquakes/eventpage/us6000pwrb"
"us6000pwqe","2025-03-04T01:42:22.745Z","6.7213","125.1352","17.179","5","mww","7 km SW of Magsaysay, Philippines","earthquake","https://earthquake.usgs.gov/earthquakes/eventpage/us6000pwqe"
"us6000pwn3","2025-03-03T15:40:36.720Z","12.6846","146.2399","10","5.1","mb","174 km ESE of Yigo Village, Guam","earthquake","https://earthquake.usgs.gov/earthquakes/eventpage/us6000pwn3"
"us6000pwky","2025-03-03T10:25:28.644Z","-16.7565","-177.364","413.683","5.4","mww","282 km SSE of Alo, Wallis and Futuna","earthquake","https://earthquake.usgs.gov/earthquakes/eventpage/us6000pwky"
"us6000pwk7","2025-03-03T06:25:34.143Z","27.3373","61.0748","32.943","5.2","mb","41 km ENE of Iranshahr, Iran","earthquake","https://earthquake.usgs.gov/earthquakes/eventpage/us6000pwk7"
"us6000pwh1","2025-03-02T18:42:09.427Z","-3.5151","129.4579","28.891","5.2","mww","59 km ESE of Masohi, Indonesia","earthquake","https://earthquake.usgs.gov/earthquakes/eventpage/us6000pwh1"
"us6000pwg6","2025-03-02T14:16:58.339Z","-10.2343","66.062","10","5.3","mww","Mid-Indian Ridge","earthquake","https://earthquake.usgs.gov/earthquakes/eventpage/us6000pwg6"
"us6000pwew","2025-03-02T08:14:58.082Z","14.1721","39.9337","10","5.2","mww","52 km ESE of Ādīgrat, Ethiopia","earthquake","https://earthquake.usgs.gov/earthquakes/eventpage/us6000pwew"
"us6000pwce","2025-03-01T23:42:30.529Z","-29.3998","-177.3562","51.427","5.2","mb","Kermadec Islands, New Zealand","earthquake","https://earthquake.usgs.gov/earthquakes/eventpage/us6000pwce"
"us6000pwbj","2025-03-01T20:02:13.364Z","13.4753","145.5991","65.557","5.3","mww","77 km E of Yigo Village, Guam","earthquake","https://earthquake.usgs.gov/earthquakes/eventpage/us6000pwbj"
"us6000pwae","2025-03-01T13:59:51.898Z","7.867","126.7422","17.616","5","mb","28 km NE of Kinablangan, Philippines","earthquake","https://earthquake.usgs.gov/earthquakes/eventpage/us6000pwae"
"us6000pw9c","2025-03-01T09:38:49.850Z","2.871","-79.4812","10","5","mww","121 km WNW of Mosquera, Colombia","earthquake","https://earthquake.usgs.gov/earthquakes/eventpage/us6000pw9c"
"us6000pw69","2025-02-28T21:58:38.554Z","-6.0227","130.652","126","5.6","mww","236 km W of Tual, Indonesia","earthquake","https://earthquake.usgs.gov/earthquakes/eventpage/us6000pw69"
"us6000pw5b","2025-02-28T19:39:28.430Z","18.2972","-99.3687","65.162","5","mww","3 km NE of Pololcingo, Mexico","earthquake","https://earthquake.usgs.gov/earthquakes/eventpage/us6000pw5b"
"us6000pw3w","2025-02-28T16:11:33.390Z","73.1535","132.7832","10","5","mww","209 km NE of Tiksi, Russia","earthquake","https://earthquake.usgs.gov/earthquakes/eventpage/us6000pw3w"
"us6000pvyf","2025-02-28T00:54:30.552Z","-23.7595","-175.1757","21.009","5","mb","268 km S of ‘Ohonua, Tonga","earthquake","https://earthquake.usgs.gov/earthquakes/eventpage/us6000pvyf"
"us6000pvws","2025-02-27T21:48:30.311Z","52.2653","-176.1708","133.278","5","mww","53 km NE of Adak, Alaska","earthquake","https://earthquake.usgs.gov/earthquakes/eventpage/us6000pvws"
"us6000pvwf","2025-02-27T21:06:10.378Z","27.8626","85.9232","10","5","mww","11 km SSW of Kodāri̇̄, Nepal","earthquake","https://earthquake.usgs.gov/earthquakes/eventpage/us6000pvwf"
"us6000pvw6","2025-02-27T20:00:42.833Z","-52.4943","26.1056","10","5.2","mww","south of Africa","earthquake","https://earthquake.usgs.gov/earthquakes/eventpage/us6000pvw6"
"us6000pvty","2025-02-27T14:54:37.206Z","-58.0333","-10.3519","10","5.4","mww","east of the South Sandwich Islands","earthquake","https://earthquake.usgs.gov/earthquakes/eventpage/us6000pvty"
"us6000pvrl","2025-02-27T05:58:14.705Z","-31.0613","-177.7133","10","5","mb","Kermadec Islands region","earthquake","https://earthquake.usgs.gov/earthquakes/eventpage/us6000pvrl"
"us6000pvq6","2025-02-26T22:46:23.037Z","-36.2279","-99.8654","10","5.1","mww","southeast of Easter Island","earthquake","https://earthquake.usgs.gov/earthquakes/eventpage/us6000pvq6"
"us6000pvpc","2025-02-26T20:55:36.821Z","26.3002","92.3408","10","5.3","mb","5 km N of Morigaon, India","earthquake","https://earthquake.usgs.gov/earthquakes/eventpage/us6000pvpc"
"us6000pvm4","2025-02-26T16:15:29.941Z","55.4821","164.5402","8.142","5.8","mww","153 km ESE of Ust’-Kamchatsk Staryy, Russia","earthquake","https://earthquake.usgs.gov/earthquakes/eventpage/us6000pvm4"
"us6000pvk7","2025-02-26T08:56:51.128Z","0.2983","124.9255","10","5","mb","56 km ESE of Modisi, Indonesia","earthquake","https://earthquake.usgs.gov/earthquakes/eventpage/us6000pvk7"
"us6000pvj5","2025-02-26T05:53:24.392Z","33.6039","136.3654","388","5.8","mww","38 km ESE of Shingū, Japan","earthquake","https://earthquake.usgs.gov/earthquakes/eventpage/us6000pvj5"
"us6000pvgx","2025-02-25T22:55:45.917Z","0.3994","124.8407","21.726","6.1","mww","45 km E of Modisi, Indonesia","earthquake","https://earthquake.usgs.gov/earthquakes/eventpage/us6000pvgx"
"us6000pvex","2025-02-25T18:13:49.712Z","2.9535","126.5765","47.046","5.1","mb","209 km NW of Tobelo, Indonesia","earthquake","https://earthquake.usgs.gov/earthquakes/eventpage/us6000pvex"
"us6000pvca","2025-02-25T13:39:34.099Z","-22.3843","-179.638","578.306","5.2","mww","south of the Fiji Islands","earthquake","https://earthquake.usgs.gov/earthquakes/eventpage/us6000pvca"
"pr2025056002","2025-02-25T05:48:55.100Z","19.4565","-68.0846","46","5.85","ml","102 km NNE of Punta Cana, Dominican Republic","earthquake","https://earthquake.usgs.gov/earthquakes/eventpage/pr2025056002"
"us6000pv9t","2025-02-25T05:37:28.702Z","50.4881","-130.0453","10","5.2","mww","210 km W of Port McNeill, Canada","earthquake","https://earthquake.usgs.gov/earthquakes/eventpage/us6000pv9t"
"us6000pv8n","2025-02-25T00:40:20.779Z","19.2977","88.4613","10","5.1","mww","224 km ESE of Parādīp Garh, India","earthquake","https://earthquake.usgs.gov/earthquakes/eventpage/us6000pv8n"
"us6000pv78","2025-02-24T20:08:37.428Z","17.5702","-82.7176","10","5.4","mww","237 km SW of George Town, Cayman Islands","earthquake","https://earthquake.usgs.gov/earthquakes/eventpage/us6000pv78"
"us7000pfsi","2025-02-24T12:26:00.881Z","-45.7286","-77.296","10","5.1","mww","Off the coast of Aisen, Chile","earthquake","https://earthquake.usgs.gov/earthquakes/eventpage/us7000pfsi"
"us7000pfqd","2025-02-24T01:14:49.703Z","-29.3467","-111.6652","10","5.2","mww","Easter Island region","earthquake","https://earthquake.usgs.gov/earthquakes/eventpage/us7000pfqd"
"us7000pfpk","2025-02-23T23:44:50.963Z","9.4634","40.4938","10","5.3","mww","58 km NW of Āsbe Teferī, Ethiopia","earthquake","https://earthquake.usgs.gov/earthquakes/eventpage/us7000pfpk"
"us7000pfpb","2025-02-23T22:50:10.262Z","-6.294","154.498","10","5.1","mww","109 km W of Panguna, Papua New Guinea","earthquake","https://earthquake.usgs.gov/earthquakes/eventpage/us7000pfpb"
"us7000pfn2","2025-02-23T19:21:16.945Z","-9.4086","120.3348","45.343","5","mb","28 km NNE of Waingapu, Indonesia","earthquake","https://earthquake.usgs.gov/earthquakes/eventpage/us7000pfn2"
"us7000pfmk","2025-02-23T18:16:18.073Z","-11.3195","166.2902","36","6","mww","85 km SE of Lata, Solomon Islands","earthquake","https://earthquake.usgs.gov/earthquakes/eventpage/us7000pfmk"
"us7000pfk1","2025-02-23T05:16:22.431Z","-6.4752","102.1738","10","5","mb","295 km SSW of Pagar Alam, Indonesia","earthquake","https://earthquake.usgs.gov/earthquakes/eventpage/us7000pfk1"
"us7000pfjr","2025-02-23T04:27:13.411Z","-6.522","102.2392","10","5.1","mb","297 km SSW of Pagar Alam, Indonesia","earthquake","https://earthquake.usgs.gov/earthquakes/eventpage/us7000pfjr"
"us7000pfjq","2025-02-23T04:17:35.944Z","-7.3335","155.9272","35","5.4","mww","122 km SSE of Panguna, Papua New Guinea","earthquake","https://earthquake.usgs.gov/earthquakes/eventpage/us7000pfjq"
"us7000pfjd","2025-02-23T01:46:23.915Z","-7.3034","155.7968","35","5.1","mb","114 km SSE of Panguna, Papua New Guinea","earthquake","https://earthquake.usgs.gov/earthquakes/eventpage/us7000pfjd"
"us7000pfjc","2025-02-23T01:31:52.085Z","-7.4856","155.8717","35","5.6","mww","126 km WNW of Gizo, Solomon Islands","earthquake","https://earthquake.usgs.gov/earthquakes/eventpage/us7000pfjc"
"us7000pfir","2025-02-22T22:49:31.294Z","-23.8225","-175.4707","35","5","mb","279 km S of ‘Ohonua, Tonga","earthquake","https://earthquake.usgs.gov/earthquakes/eventpage/us7000pfir"
"us7000pfii","2025-02-22T22:20:59.314Z","-7.4723","155.9646","35","5.3","mww","119 km NW of Gizo, Solomon Islands","earthquake","https://earthquake.usgs.gov/earthquakes/eventpage/us7000pfii"
"us7000pfih","2025-02-22T22:20:25.318Z","-45.5785","-76.6977","10","5.4","mww","Off the coast of Aisen, Chile","earthquake","https://earthquake.usgs.gov/earthquakes/eventpage/us7000pfih"
"us7000pfi9","2025-02-22T21:04:46.432Z","64.6566","-17.8452","10","5.1","mww","115 km S of Akureyri, Iceland","earthquake","https://earthquake.usgs.gov/earthquakes/eventpage/us7000pfi9"
"us7000pffe","2025-02-22T10:33:30.853Z","21.5846","93.8043","59.186","5","mww","119 km S of Hakha, Burma (Myanmar)","earthquake","https://earthquake.usgs.gov/earthquakes/eventpage/us7000pffe"
"us7000pf62","2025-02-21T07:20:55.955Z","-19.4988","168.9434","41.683","5.1","mww","35 km W of Isangel, Vanuatu","earthquake","https://earthquake.usgs.gov/earthquakes/eventpage/us7000pf62"
"us7000pexs","2025-02-20T12:39:10.630Z","-56.6888","-26.1145","35","5.3","mb","South Sandwich Islands region","earthquake","https://earthquake.usgs.gov/earthquakes/eventpage/us7000pexs"
"us7000pexm","2025-02-20T11:51:45.309Z","-3.3784","130.9797","10","5","mb","154 km WSW of Fakfak, Indonesia","earthquake","https://earthquake.usgs.gov/earthquakes/eventpage/us7000pexm"
"us7000pexi","2025-02-20T11:30:51.390Z","-42.9086","-82.9086","10","5.4","mww","West Chile Rise","earthquake","https://earthquake.usgs.gov/earthquakes/eventpage/us7000pexi"
"us7000pexc","2025-02-20T10:31:20.780Z","-15.3291","-173.9471","111","5.5","mww","71 km NNW of Hihifo, Tonga","earthquake","https://earthquake.usgs.gov/earthquakes/eventpage/us7000pexc"
"us7000pew5","2025-02-20T04:36:50.082Z","-33.3208","-179.0339","45.437","5","mb","south of the Kermadec Islands","earthquake","https://earthquake.usgs.gov/earthquakes/eventpage/us7000pew5"
"us7000pevy","2025-02-20T03:21:30.670Z","-20.5463","68.2892","10","5.2","mww","Mid-Indian Ridge","earthquake","https://earthquake.usgs.gov/earthquakes/eventpage/us7000pevy"
"us7000pevu","2025-02-20T03:19:40.859Z","5.0079","94.7394","63.661","5.3","mb","88 km SW of Banda Aceh, Indonesia","earthquake","https://earthquake.usgs.gov/earthquakes/eventpage/us7000pevu"
"us7000penh","2025-02-19T02:49:44.019Z","-9.0969","152.7728","10","5.5","mww","285 km NE of Samarai, Papua New Guinea","earthquake","https://earthquake.usgs.gov/earthquakes/eventpage/us7000penh"
"us7000pemi","2025-02-18T23:39:10.674Z","-3.3656","131.0386","13","5.7","mww","148 km WSW of Fakfak, Indonesia","earthquake","https://earthquake.usgs.gov/earthquakes/eventpage/us7000pemi"
"us7000peiq","2025-02-18T17:18:48.127Z","-26.2533","-70.9825","31","5.6","mww","94 km W of Diego de Almagro, Chile","earthquake","https://earthquake.usgs.gov/earthquakes/eventpage/us7000peiq"
"us7000pein","2025-02-18T17:00:49.043Z","-11.3467","-74.8175","103.39","5","mb","9 km NW of Mariposa, Peru","earthquake","https://earthquake.usgs.gov/earthquakes/eventpage/us7000pein"
"us7000pefw","2025-02-18T05:58:29.320Z","-21.4177","-174.0633","10","5","mb","93 km E of ‘Ohonua, Tonga","earthquake","https://earthquake.usgs.gov/earthquakes/eventpage/us7000pefw"
"us7000pefq","2025-02-18T04:46:52.092Z","36.6544","25.8261","10","5","mww","20 km SSW of Amorgós, Greece","earthquake","https://earthquake.usgs.gov/earthquakes/eventpage/us7000pefq"
"us7000pe7k","2025-02-17T07:49:50.321Z","36.6724","25.5788","10","5","mww","27 km ESE of Íos, Greece","earthquake","https://earthquake.usgs.gov/earthquakes/eventpage/us7000pe7k"
"us7000pe6v","2025-02-17T04:30:56.551Z","-15.9621","-75.1169","10","5.5","mww","66 km S of San Juan, Peru","earthquake","https://earthquake.usgs.gov/earthquakes/eventpage/us7000pe6v"
"us7000pe4x","2025-02-16T18:55:37.613Z","32.817","48.4428","10","5.1","mww","51 km N of Shahrak-e Kūlūrī, Iran","earthquake","https://earthquake.usgs.gov/earthquakes/eventpage/us7000pe4x"
"us7000pe38","2025-02-16T08:36:23.743Z","-22.4881","170.8116","10","5","mb","southeast of the Loyalty Islands","earthquake","https://earthquake.usgs.gov/earthquakes/eventpage/us7000pe38"
"us7000pe2q","2025-02-16T07:43:36.015Z","45.2882","153.0671","10","5.2","mww","east of the Kuril Islands","earthquake","https://earthquake.usgs.gov/earthquakes/eventpage/us7000pe2q"
"us7000pe2h","2025-02-16T07:08:44.554Z","-38.4993","-73.7663","20.394","5","mww","57 km WNW of Carahue, Chile","earthquake","https://earthquake.usgs.gov/earthquakes/eventpage/us7000pe2h"
"tx2025deqh","2025-02-15T05:23:21.429Z","31.661","-104.18","6.0999","5","ml","53 km NW of Toyah, Texas","earthquake","https://earthquake.usgs.gov/earthquakes/eventpage/tx2025deqh"
"us7000pdvt","2025-02-15T01:48:11.119Z","49.9991","88.2237","13","5.7","mww","32 km W of Kosh-Agach, Russia","earthquake","https://earthquake.usgs.gov/earthquakes/eventpage/us7000pdvt"
"us7000pdvr","2025-02-15T01:18:48.716Z","11.4747","125.806","10","5","mww","26 km NE of Hernani, Philippines","earthquake","https://earthquake.usgs.gov/earthquakes/eventpage/us7000pdvr"
"us7000pdvn","2025-02-15T00:28:58.138Z","12.8077","122.9791","10","5","mww","30 km W of Mabiton, Philippines","earthquake","https://earthquake.usgs.gov/earthquakes/eventpage/us7000pdvn"
"us7000pdvd","2025-02-14T21:30:02.961Z","-11.7749","166.2552","35","5","mb","126 km SSE of Lata, Solomon Islands","earthquake","https://earthquake.usgs.gov/earthquakes/eventpage/us7000pdvd"
"us7000pdu6","2025-02-14T20:28:25.423Z","8.9453","39.9058","25","5.9","mww","5 km NNW of Metahāra, Ethiopia","earthquake","https://earthquake.usgs.gov/earthquakes/eventpage/us7000pdu6"
"us7000pdth","2025-02-14T18:53:13.303Z","-17.3025","167.5187","10","5","mww","97 km WNW of Port-Vila, Vanuatu","earthquake","https://earthquake.usgs.gov/earthquakes/eventpage/us7000pdth"
"us7000pdlg","2025-02-14T12:50:03.769Z","11.5308","125.7609","10","5.3","mww","26 km ENE of Llorente, Philippines","earthquake","https://earthquake.usgs.gov/earthquakes/eventpage/us7000pdlg"
"us7000pdl8","2025-02-14T12:28:33.614Z","-7.3712","105.5416","48.79","5.1","mb","114 km SSW of Labuan, Indonesia","earthquake","https://earthquake.usgs.gov/earthquakes/eventpage/us7000pdl8"
"us7000pdky","2025-02-14T09:46:32.914Z","-58.8989","-23.2971","10","5.1","mb","South Sandwich Islands region","earthquake","https://earthquake.usgs.gov/earthquakes/eventpage/us7000pdky"
"us7000pdkh","2025-02-14T06:39:49.652Z","1.0621","-85.2505","10","5.2","mww","off the coast of Ecuador","earthquake","https://earthquake.usgs.gov/earthquakes/eventpage/us7000pdkh"
"us7000pdjz","2025-02-14T01:32:54.659Z","45.4792","151.1492","35","5","mb","257 km E of Kuril’sk, Russia","earthquake","https://earthquake.usgs.gov/earthquakes/eventpage/us7000pdjz"
"us7000pdj1","2025-02-14T00:22:57.808Z","-6.9997","129.6482","155.573","5","mww","Banda Sea","earthquake","https://earthquake.usgs.gov/earthquakes/eventpage/us7000pdj1"
"ak025215oy3m","2025-02-13T23:59:27.899Z","55.6151","-154.9176","13.3","5.7","mww","155 km SSW of Akhiok, Alaska","earthquake","https://earthquake.usgs.gov/earthquakes/eventpage/ak025215oy3m"
"us7000pdh2","2025-02-13T18:16:21.863Z","-6.4775","129.1134","10","5","mb","Banda Sea","earthquake","https://earthquake.usgs.gov/earthquakes/eventpage/us7000pdh2"
"us7000pd8m","2025-02-12T21:04:28.710Z","38.3638","142.1429","38.366","5.1","mb","61 km E of Onagawa Chō, Japan","earthquake","https://earthquake.usgs.gov/earthquakes/eventpage/us7000pd8m"
"us7000pd86","2025-02-12T19:54:09.197Z","-56.3332","-27.1926","105.634","5.3","mb","South Sandwich Islands region","earthquake","https://earthquake.usgs.gov/earthquakes/eventpage/us7000pd86"
"us7000pd1i","2025-02-12T01:14:54.298Z","36.5549","25.5084","10","5.1","mww","15 km NE of Oía, Greece","earthquake","https://earthquake.usgs.gov/earthquakes/eventpage/us7000pd1i"
"us7000pcty","2025-02-11T05:47:57.441Z","-22.69","-175.5971","10","5","mb","163 km SSW of ‘Ohonua, Tonga","earthquake","https://earthquake.usgs.gov/earthquakes/eventpage/us7000pcty"
"us7000pctr","2025-02-11T05:32:36.895Z","-3.9469","150.8287","10","5","mb","150 km W of Rabaul, Papua New Guinea","earthquake","https://earthquake.usgs.gov/earthquakes/eventpage/us7000pctr"
"us7000pctm","2025-02-11T05:00:26.873Z","-32.2873","75.136","10","5.3","mww","Mid-Indian Ridge","earthquake","https://earthquake.usgs.gov/earthquakes/eventpage/us7000pctm"
"us7000pct1","2025-02-11T02:37:45.878Z","-3.7083","150.8479","10","5.1","mww","125 km S of Kavieng, Papua New Guinea","earthquake","https://earthquake.usgs.gov/earthquakes/eventpage/us7000pct1"
"us7000pcsz","2025-02-11T02:24:06.725Z","-37.2309","-75.0333","13.661","5.2","mww","129 km WNW of Lebu, Chile","earthquake","https://earthquake.usgs.gov/earthquakes/eventpage/us7000pcsz"
"us7000pcsb","2025-02-10T22:48:41.585Z","35.0177","-5.5251","29.521","5.1","mb","25 km N of Ouezzane, Morocco","earthquake","https://earthquake.usgs.gov/earthquakes/eventpage/us7000pcsb"
"us7000pcs7","2025-02-10T22:37:24.642Z","36.6244","25.6258","10","5.1","mww","28 km NE of Firá, Greece","earthquake","https://earthquake.usgs.gov/earthquakes/eventpage/us7000pcs7"
"us7000pcr3","2025-02-10T20:16:28.738Z","36.6898","25.6536","10","5.3","mww","26 km SW of Amorgós, Greece","earthquake","https://earthquake.usgs.gov/earthquakes/eventpage/us7000pcr3"
"us7000pcn8","2025-02-10T15:15:06.035Z","-9.6398","119.6374","83.827","5.1","mb","49 km ESE of Tambolaka, Indonesia","earthquake","https://earthquake.usgs.gov/earthquakes/eventpage/us7000pcn8"
"us7000pcn4","2025-02-10T14:16:55.496Z","41.6821","141.3324","89.55","5","mww","39 km ENE of Ōma, Japan","earthquake","https://earthquake.usgs.gov/earthquakes/eventpage/us7000pcn4"
"us7000pcmb","2025-02-10T10:18:46.631Z","-17.4753","167.9269","10","5","mb","50 km NW of Port-Vila, Vanuatu","earthquake","https://earthquake.usgs.gov/earthquakes/eventpage/us7000pcmb"
"us7000pck3","2025-02-10T00:28:25.469Z","-7.0353","155.6069","35","5.4","mww","80 km S of Panguna, Papua New Guinea","earthquake","https://earthquake.usgs.gov/earthquakes/eventpage/us7000pck3"
"us7000pck0","2025-02-10T00:16:03.322Z","-17.4323","167.731","10","5.3","mb","70 km WNW of Port-Vila, Vanuatu","earthquake","https://earthquake.usgs.gov/earthquakes/eventpage/us7000pck0"
"us7000peix","2025-02-10T00:13:44.708Z","-17.5144","167.8236","10","5.3","mb","57 km WNW of Port-Vila, Vanuatu","earthquake","https://earthquake.usgs.gov/earthquakes/eventpage/us7000peix"
"us7000pcjx","2025-02-10T00:09:42.753Z","-17.5011","167.8757","18","5.9","mww","53 km WNW of Port-Vila, Vanuatu","earthquake","https://earthquake.usgs.gov/earthquakes/eventpage/us7000pcjx"
"us7000pcih","2025-02-09T19:05:38.291Z","36.6626","25.6271","10","5.2","mww","30 km SW of Amorgós, Greece","earthquake","https://earthquake.usgs.gov/earthquakes/eventpage/us7000pcih"
"us7000pche","2025-02-09T14:32:37.746Z","-10.1576","161.0432","38.742","5.3","mww","101 km WNW of Kirakira, Solomon Islands","earthquake","https://earthquake.usgs.gov/earthquakes/eventpage/us7000pche"
"us7000pcdl","2025-02-08T23:23:14.697Z","17.6506","-82.395","14.326","7.6","mww","210 km SSW of George Town, Cayman Islands","earthquake","https://earthquake.usgs.gov/earthquakes/eventpage/us7000pcdl"
"us7000pcb7","2025-02-08T10:43:43.113Z","65.2162","145.9204","10","5","mww","146 km ENE of Ust-Nera, Russia","earthquake","https://earthquake.usgs.gov/earthquakes/eventpage/us7000pcb7"
"us7000pcav","2025-02-08T09:24:13.530Z","-16.1233","167.9358","169.968","5.2","mb","55 km E of Lakatoro, Vanuatu","earthquake","https://earthquake.usgs.gov/earthquakes/eventpage/us7000pcav"
"us7000pc9d","2025-02-08T05:00:35.551Z","-6.0081","103.2994","40.225","5.1","mb","218 km SW of Kotabumi, Indonesia","earthquake","https://earthquake.usgs.gov/earthquakes/eventpage/us7000pc9d"
"us7000pc9c","2025-02-08T04:44:12.553Z","7.5576","93.6213","57.805","5.2","mb","262 km NW of Sabang, Indonesia","earthquake","https://earthquake.usgs.gov/earthquakes/eventpage/us7000pc9c"
"us7000pc83","2025-02-07T23:58:51.425Z","4.1174","62.6942","10","5.2","mww","Carlsberg Ridge","earthquake","https://earthquake.usgs.gov/earthquakes/eventpage/us7000pc83"
"us7000pc7i","2025-02-07T23:00:14.594Z","3.9921","62.5373","10","5.3","mww","Carlsberg Ridge","earthquake","https://earthquake.usgs.gov/earthquakes/eventpage/us7000pc7i"
"us7000pc4p","2025-02-07T15:19:12.809Z","38.4853","14.3824","10","5.2","mb","39 km WSW of Leni, Italy","earthquake","https://earthquake.usgs.gov/earthquakes/eventpage/us7000pc4p"
"us7000pc2p","2025-02-07T10:27:01.952Z","-23.9351","-176.2264","65","5.9","mww","south of the Fiji Islands","earthquake","https://earthquake.usgs.gov/earthquakes/eventpage/us7000pc2p"
"us7000pc0e","2025-02-07T04:31:58.218Z","-9.7073","97.5703","21","5.8","mww","southwest of Sumatra, Indonesia","earthquake","https://earthquake.usgs.gov/earthquakes/eventpage/us7000pc0e"
"us7000pbu3","2025-02-06T17:09:56.343Z","-2.8434","141.5941","35","5","mww","36 km ESE of Vanimo, Papua New Guinea","earthquake","https://earthquake.usgs.gov/earthquakes/eventpage/us7000pbu3"
"us7000pbtz","2025-02-06T16:24:57.909Z","-2.8343","141.6026","26.799","5.1","mww","37 km ESE of Vanimo, Papua New Guinea","earthquake","https://earthquake.usgs.gov/earthquakes/eventpage/us7000pbtz"
"us7000pbt5","2025-02-06T13:16:27.647Z","4.3939","126.6197","56.008","5.2","mww","170 km SE of Sarangani, Philippines","earthquake","https://earthquake.usgs.gov/earthquakes/eventpage/us7000pbt5"
"us7000pbn5","2025-02-05T20:15:07.142Z","-19.064","-172.6997","10","5","mb","142 km ESE of Neiafu, Tonga","earthquake","https://earthquake.usgs.gov/earthquakes/eventpage/us7000pbn5"
"us7000pbmp","2025-02-05T19:09:38.388Z","36.6148","25.6436","10","5.1","mww","28 km NE of Firá, Greece","earthquake","https://earthquake.usgs.gov/earthquakes/eventpage/us7000pbmp"
"us7000pbfb","2025-02-05T07:01:18.108Z","13.9242","-91.5982","58.159","5.6","mww","44 km SW of Nueva Concepción, Guatemala","earthquake","https://earthquake.usgs.gov/earthquakes/eventpage/us7000pbfb"
"us7000pbdp","2025-02-05T03:12:30.192Z","1.6173","127.118","99","5.5","mww","96 km NNW of Ternate, Indonesia","earthquake","https://earthquake.usgs.gov/earthquakes/eventpage/us7000pbdp"
"us7000pbdm","2025-02-05T03:09:00.344Z","-35.2552","178.7176","10","5","mb","262 km N of Hicks Bay, New Zealand","earthquake","https://earthquake.usgs.gov/earthquakes/eventpage/us7000pbdm"
"us7000pbcy","2025-02-04T23:47:57.410Z","46.5329","153.4389","10","5","mb","Kuril Islands","earthquake","https://earthquake.usgs.gov/earthquakes/eventpage/us7000pbcy"
"us7000pbcv","2025-02-04T23:42:32.536Z","41.2296","83.7725","10","5","mb","88 km SE of Kuqa, China","earthquake","https://earthquake.usgs.gov/earthquakes/eventpage/us7000pbcv"
"us7000pbau","2025-02-04T19:27:46.561Z","53.316","-163.9373","10","5","mww","151 km SE of Akutan, Alaska","earthquake","https://earthquake.usgs.gov/earthquakes/eventpage/us7000pbau"
"us7000pbag","2025-02-04T18:21:57.027Z","30.9335","-41.2503","10","5.1","mww","northern Mid-Atlantic Ridge","earthquake","https://earthquake.usgs.gov/earthquakes/eventpage/us7000pbag"
"us7000pba9","2025-02-04T17:37:58.366Z","30.9609","-41.4001","10","5","mb","northern Mid-Atlantic Ridge","earthquake","https://earthquake.usgs.gov/earthquakes/eventpage/us7000pba9"
"us7000pb82","2025-02-04T13:04:14.561Z","36.5558","25.6022","13.546","5.3","mww","21 km NE of Firá, Greece","earthquake","https://earthquake.usgs.gov/earthquakes/eventpage/us7000pb82"
"us7000pb7j","2025-02-04T09:36:45.545Z","-5.5735","151.8696","57.4","5.1","mb","143 km SSW of Kokopo, Papua New Guinea","earthquake","https://earthquake.usgs.gov/earthquakes/eventpage/us7000pb7j"
"us7000pb5n","2025-02-04T03:20:21.554Z","-22.8087","-12.8878","10","5","mb","southern Mid-Atlantic Ridge","earthquake","https://earthquake.usgs.gov/earthquakes/eventpage/us7000pb5n"
"us7000pb5h","2025-02-04T02:46:06.502Z","36.6511","25.6623","10","5","mww","29 km SW of Amorgós, Greece","earthquake","https://earthquake.usgs.gov/earthquakes/eventpage/us7000pb5h"
"us7000pb59","2025-02-04T01:40:33.905Z","-38.8932","-92.3973","10","5.7","mww","West Chile Rise","earthquake","https://earthquake.usgs.gov/earthquakes/eventpage/us7000pb59"
"us7000pd4q","2025-02-04T00:10:06.407Z","-57.4634","-25.4376","35","5","mb","South Sandwich Islands region","earthquake","https://earthquake.usgs.gov/earthquakes/eventpage/us7000pd4q"
"us7000pb3j","2025-02-03T21:35:51.094Z","3.0383","128.2254","103","5.9","mww","146 km N of Tobelo, Indonesia","earthquake","https://earthquake.usgs.gov/earthquakes/eventpage/us7000pb3j"
"us7000pb2l","2025-02-03T19:14:56.872Z","28.6536","130.9358","10","5.4","mww","132 km E of Tatsugō, Japan","earthquake","https://earthquake.usgs.gov/earthquakes/eventpage/us7000pb2l"
"us7000pb0i","2025-02-03T13:02:17.933Z","-22.8251","171.3889","10","5.5","mww","southeast of the Loyalty Islands","earthquake","https://earthquake.usgs.gov/earthquakes/eventpage/us7000pb0i"
"us7000pb02","2025-02-03T10:31:54.335Z","-20.3474","-174.7246","10","5.1","mb","70 km SSW of Pangai, Tonga","earthquake","https://earthquake.usgs.gov/earthquakes/eventpage/us7000pb02"
"us7000paze","2025-02-03T08:13:08.237Z","36.6296","25.693","9.506","5","mww","28 km SW of Amorgós, Greece","earthquake","https://earthquake.usgs.gov/earthquakes/eventpage/us7000paze"
"us7000pau4","2025-02-02T15:43:11.489Z","10.267","125.5373","119.531","5","mww","7 km SSW of Tubajon, Philippines","earthquake","https://earthquake.usgs.gov/earthquakes/eventpage/us7000pau4"
"us7000parr","2025-02-02T07:37:21.126Z","-4.6762","127.0095","10","5.1","mb","169 km SW of Ambon, Indonesia","earthquake","https://earthquake.usgs.gov/earthquakes/eventpage/us7000parr"
"us7000paiv","2025-02-01T00:40:16.806Z","-8.7303","110.2905","71.742","5","mww","86 km S of Pundong, Indonesia","earthquake","https://earthquake.usgs.gov/earthquakes/eventpage/us7000paiv"
"us7000pahy","2025-01-31T23:02:28.845Z","-0.8609","-78.0956","8","5.5","mww","32 km W of Archidona, Ecuador","earthquake","https://earthquake.usgs.gov/earthquakes/eventpage/us7000pahy"
"us7000pabn","2025-01-31T15:58:07.004Z","-30.7211","-177.9371","10","5","mb","Kermadec Islands, New Zealand","earthquake","https://earthquake.usgs.gov/earthquakes/eventpage/us7000pabn"
"us7000paai","2025-01-31T12:04:10.579Z","-10.5642","163.2435","10","5.4","mww","145 km E of Kirakira, Solomon Islands","earthquake","https://earthquake.usgs.gov/earthquakes/eventpage/us7000paai"
"us7000pa9d","2025-01-31T11:03:41.859Z","3.2918","97.1235","53","5.7","mww","58 km SSE of Blangpidie, Indonesia","earthquake","https://earthquake.usgs.gov/earthquakes/eventpage/us7000pa9d"
"us7000pa8p","2025-01-31T09:04:50.646Z","0.4304","-25.1449","10","5.7","mww","central Mid-Atlantic Ridge","earthquake","https://earthquake.usgs.gov/earthquakes/eventpage/us7000pa8p"
"us7000p9zz","2025-01-30T07:16:17.282Z","23.163","120.5711","10","5","mb","12 km ENE of Yujing, Taiwan","earthquake","https://earthquake.usgs.gov/earthquakes/eventpage/us7000p9zz"
"ak0251doqqfp","2025-01-30T04:40:08.488Z","62.9564","-156.323","10.4","5.2","mww","13 km WSW of Takotna, Alaska","earthquake","https://earthquake.usgs.gov/earthquakes/eventpage/ak0251doqqfp"
"us7000p9yk","2025-01-30T02:18:23.443Z","-2.8186","126.848","10","5.1","mb","128 km SE of Sanana, Indonesia","earthquake","https://earthquake.usgs.gov/earthquakes/eventpage/us7000p9yk"
"us7000p9yj","2025-01-30T02:11:53.748Z","23.1643","120.5775","10","5.1","mww","12 km ENE of Yujing, Taiwan","earthquake","https://earthquake.usgs.gov/earthquakes/eventpage/us7000p9yj"
"us7000p9qx","2025-01-29T01:32:59.462Z","-53.41","-41.5824","10","5.2","mww","South Atlantic Ocean","earthquake","https://earthquake.usgs.gov/earthquakes/eventpage/us7000p9qx"
"us7000p9qm","2025-01-29T00:50:41.149Z","-3.9642","121.8691","10.08","5","mww","71 km W of Kendari, Indonesia","earthquake","https://earthquake.usgs.gov/earthquakes/eventpage/us7000p9qm"
"us7000p9p7","2025-01-28T21:06:28.350Z","-18.5354","-173.964","38.759","5","mb","13 km N of Neiafu, Tonga","earthquake","https://earthquake.usgs.gov/earthquakes/eventpage/us7000p9p7"
"us6000pmsr","2025-01-28T14:53:34.578Z","0.4934","121.1903","99.753","5.4","mww","208 km W of Gorontalo, Indonesia","earthquake","https://earthquake.usgs.gov/earthquakes/eventpage/us6000pmsr"
"us6000pmru","2025-01-28T10:26:32.394Z","-40.7113","175.886","46.425","5.2","mb","22 km NE of Kopuaranga, New Zealand","earthquake","https://earthquake.usgs.gov/earthquakes/eventpage/us6000pmru"
"us6000pmrw","2025-01-28T10:23:33.946Z","-30.3993","-178.067","62.824","5.2","mb","Kermadec Islands, New Zealand","earthquake","https://earthquake.usgs.gov/earthquakes/eventpage/us6000pmrw"
"us6000pmqw","2025-01-28T06:52:38.866Z","-28.0098","-176.486","13","5.8","mww","Kermadec Islands region","earthquake","https://earthquake.usgs.gov/earthquakes/eventpage/us6000pmqw"
"us6000pmqh","2025-01-28T05:09:28.930Z","-14.3941","-76.2983","12.355","5","mww","58 km S of Paracas, Peru","earthquake","https://earthquake.usgs.gov/earthquakes/eventpage/us6000pmqh"
"us6000pmpq","2025-01-28T00:59:48.054Z","-41.1978","-90.224","10","5.6","mww","southeast of Easter Island","earthquake","https://earthquake.usgs.gov/earthquakes/eventpage/us6000pmpq"
"us6000pmpi","2025-01-28T00:29:10.021Z","-41.1647","-90.539","10","5.1","mww","southeast of Easter Island","earthquake","https://earthquake.usgs.gov/earthquakes/eventpage/us6000pmpi"
"us6000pmjt","2025-01-27T14:51:23.500Z","18.0413","146.0169","143.939","5.3","mww","Pagan region, Northern Mariana Islands","earthquake","https://earthquake.usgs.gov/earthquakes/eventpage/us6000pmjt"
"us6000pmix","2025-01-27T06:55:03.657Z","-17.7376","168.0815","35","5.1","mww","24 km W of Port-Vila, Vanuatu","earthquake","https://earthquake.usgs.gov/earthquakes/eventpage/us6000pmix"
"us6000pmhf","2025-01-27T00:18:49.485Z","22.7251","121.0882","10","5","mb","71 km ENE of Donggang, Taiwan","earthquake","https://earthquake.usgs.gov/earthquakes/eventpage/us6000pmhf"
"us6000pmgt","2025-01-26T22:39:13.301Z","53.2062","-167.2003","59","5.6","mww","86 km SSW of Unalaska, Alaska","earthquake","https://earthquake.usgs.gov/earthquakes/eventpage/us6000pmgt"
"us6000pmgl","2025-01-26T21:22:39.188Z","-7.4257","155.9675","35","5","mb","122 km NW of Gizo, Solomon Islands","earthquake","https://earthquake.usgs.gov/earthquakes/eventpage/us6000pmgl"
"us6000pmfn","2025-01-26T13:37:31.811Z","53.1558","160.054","56.129","5.1","mww","96 km E of Petropavlovsk-Kamchatsky, Russia","earthquake","https://earthquake.usgs.gov/earthquakes/eventpage/us6000pmfn"
"us6000pmf5","2025-01-26T11:24:00.496Z","-59.6215","-26.4654","91.382","5.2","mb","South Sandwich Islands region","earthquake","https://earthquake.usgs.gov/earthquakes/eventpage/us6000pmf5"
"us6000pme3","2025-01-26T06:13:38.139Z","-17.7001","168.0872","47.197","5.3","mww","24 km W of Port-Vila, Vanuatu","earthquake","https://earthquake.usgs.gov/earthquakes/eventpage/us6000pme3"
"us6000pmct","2025-01-25T23:38:52.789Z","23.1079","120.4471","10","5.2","mww","2 km SW of Yujing, Taiwan","earthquake","https://earthquake.usgs.gov/earthquakes/eventpage/us6000pmct"
"us6000pmaf","2025-01-25T11:49:17.031Z","23.2435","120.3972","10","5.1","mww","14 km NNW of Yujing, Taiwan","earthquake","https://earthquake.usgs.gov/earthquakes/eventpage/us6000pmaf"
"us6000pm5y","2025-01-24T18:26:51.860Z","-3.9381","150.7581","10","5.7","mww","150 km S of Kavieng, Papua New Guinea","earthquake","https://earthquake.usgs.gov/earthquakes/eventpage/us6000pm5y"
"us6000pm4b","2025-01-24T16:19:05.056Z","-18.0678","-69.3145","122.665","5.3","mww","75 km ESE of Palca, Peru","earthquake","https://earthquake.usgs.gov/earthquakes/eventpage/us6000pm4b"
"us6000plzg","2025-01-24T04:26:55.449Z","-41.4878","-86.0291","10","5","mb","West Chile Rise","earthquake","https://earthquake.usgs.gov/earthquakes/eventpage/us6000plzg"
"us6000plwf","2025-01-23T19:23:36.273Z","24.6223","95.093","117.542","5","mb","104 km E of Wāngjing, India","earthquake","https://earthquake.usgs.gov/earthquakes/eventpage/us6000plwf"
"us6000plst","2025-01-23T11:14:02.382Z","-12.7706","168.8952","598","5.6","mww","190 km NE of Sola, Vanuatu","earthquake","https://earthquake.usgs.gov/earthquakes/eventpage/us6000plst"
"us6000plrr","2025-01-23T05:22:53.957Z","9.0286","39.9173","10","5","mb","14 km N of Metahāra, Ethiopia","earthquake","https://earthquake.usgs.gov/earthquakes/eventpage/us6000plrr"
"us6000plrc","2025-01-23T03:41:16.038Z","7.7025","122.2079","62.013","5.4","mww","8 km E of Siocon, Philippines","earthquake","https://earthquake.usgs.gov/earthquakes/eventpage/us6000plrc"
"us6000plql","2025-01-22T23:39:46.093Z","10.0899","125.1492","9","5.7","mww","3 km NNW of San Francisco, Philippines","earthquake","https://earthquake.usgs.gov/earthquakes/eventpage/us6000plql"
"us6000plnf","2025-01-22T18:26:08.550Z","-42.0886","88.2975","10","5.3","mww","southeast Indian Ridge","earthquake","https://earthquake.usgs.gov/earthquakes/eventpage/us6000plnf"
"us6000plk7","2025-01-22T09:47:50.724Z","-20.8169","168.5583","10","5","mb","107 km NE of Tadine, New Caledonia","earthquake","https://earthquake.usgs.gov/earthquakes/eventpage/us6000plk7"
"us6000pli7","2025-01-21T21:44:48.844Z","9.1223","40.0616","10","5.1","mww","19 km NW of Āwash, Ethiopia","earthquake","https://earthquake.usgs.gov/earthquakes/eventpage/us6000pli7"
"us6000plhn","2025-01-21T20:38:43.257Z","39.4605","26.2965","5.618","5","mww","4 km SW of Behram, Turkey","earthquake","https://earthquake.usgs.gov/earthquakes/eventpage/us6000plhn"
"us6000plhj","2025-01-21T20:00:51.944Z","-3.0273","148.4775","10","5.3","mww","173 km SE of Lorengau, Papua New Guinea","earthquake","https://earthquake.usgs.gov/earthquakes/eventpage/us6000plhj"
"us6000plh9","2025-01-21T18:48:21.736Z","21.4057","121.0111","11.338","5.1","mww","71 km SSE of Hengchun, Taiwan","earthquake","https://earthquake.usgs.gov/earthquakes/eventpage/us6000plh9"
"us6000plfb","2025-01-21T13:40:17.709Z","23.3555","-108.2944","10","5.3","mww","134 km ESE of La Rivera, Mexico","earthquake","https://earthquake.usgs.gov/earthquakes/eventpage/us6000plfb"
"us6000plew","2025-01-21T11:55:03.769Z","52.7426","-166.6507","10","5.2","mww","126 km S of Unalaska, Alaska","earthquake","https://earthquake.usgs.gov/earthquakes/eventpage/us6000plew"
"us6000plel","2025-01-21T11:15:29.924Z","-3.7665","151.551","10","5.5","mww","83 km NW of Rabaul, Papua New Guinea","earthquake","https://earthquake.usgs.gov/earthquakes/eventpage/us6000plel"
"us6000plei","2025-01-21T10:57:24.197Z","-3.6903","151.4789","10","5.2","mww","94 km NW of Rabaul, Papua New Guinea","earthquake","https://earthquake.usgs.gov/earthquakes/eventpage/us6000plei"
"us6000pldh","2025-01-21T06:05:14.046Z","-27.5196","-13.4234","10","5.5","mww","southern Mid-Atlantic Ridge","earthquake","https://earthquake.usgs.gov/earthquakes/eventpage/us6000pldh"
"us6000pldf","2025-01-21T05:47:50.406Z","13.4452","144.3602","130","5.5","mww","33 km WNW of Agat Village, Guam","earthquake","https://earthquake.usgs.gov/earthquakes/eventpage/us6000pldf"
"us6000plde","2025-01-21T05:36:11.488Z","-27.4672","-13.3529","10","5.1","mb","southern Mid-Atlantic Ridge","earthquake","https://earthquake.usgs.gov/earthquakes/eventpage/us6000plde"
"us6000pld9","2025-01-21T05:13:36.180Z","-27.7265","-13.1569","10","5.2","mww","southern Mid-Atlantic Ridge","earthquake","https://earthquake.usgs.gov/earthquakes/eventpage/us6000pld9"
"us6000plbf","2025-01-20T21:03:11.864Z","28.3855","87.5651","10","5","mb","Southern Tibetan Plateau","earthquake","https://earthquake.usgs.gov/earthquakes/eventpage/us6000plbf"
"us6000pl8l","2025-01-20T16:26:24.700Z","23.134","120.4374","10","5.1","mb","2 km WNW of Yujing, Taiwan","earthquake","https://earthquake.usgs.gov/earthquakes/eventpage/us6000pl8l"
"us6000pl8h","2025-01-20T16:17:26.812Z","23.1816","120.5448","16","6","mww","10 km NE of Yujing, Taiwan","earthquake","https://earthquake.usgs.gov/earthquakes/eventpage/us6000pl8h"
"us6000pl89","2025-01-20T14:49:37.811Z","-23.793","-112.0023","10","5.3","mww","Easter Island region","earthquake","https://earthquake.usgs.gov/earthquakes/eventpage/us6000pl89"
"us7000pa2l","2025-01-20T14:46:13.061Z","-23.9012","-111.7931","10","5.2","mb","Easter Island region","earthquake","https://earthquake.usgs.gov/earthquakes/eventpage/us7000pa2l"
"us6000pl7f","2025-01-20T11:20:36.839Z","7.4323","91.5683","10","5.3","mww","Nicobar Islands, India region","earthquake","https://earthquake.usgs.gov/earthquakes/eventpage/us6000pl7f"
"us6000pl78","2025-01-20T10:42:58.290Z","13.9035","120.5676","100","5.4","mww","6 km WSW of Talisay, Philippines","earthquake","https://earthquake.usgs.gov/earthquakes/eventpage/us6000pl78"
"us6000pl6q","2025-01-20T08:38:42.816Z","-11.2826","165.8611","36.358","5.5","mww","62 km S of Lata, Solomon Islands","earthquake","https://earthquake.usgs.gov/earthquakes/eventpage/us6000pl6q"
"us6000pl6c","2025-01-20T05:57:10.327Z","10.0412","91.6307","10","5","mb","217 km SW of Port Blair, India","earthquake","https://earthquake.usgs.gov/earthquakes/eventpage/us6000pl6c"
"us6000pl09","2025-01-18T23:15:38.446Z","-58.5247","158.36","10","5","mb","Macquarie Island region","earthquake","https://earthquake.usgs.gov/earthquakes/eventpage/us6000pl09"
"us6000pkzg","2025-01-18T19:44:18.024Z","24.9397","123.4511","10","5","mww","69 km NE of Yonakuni, Japan","earthquake","https://earthquake.usgs.gov/earthquakes/eventpage/us6000pkzg"
"us6000pkzc","2025-01-18T19:31:29.159Z","24.9047","123.4363","10","5","mww","65 km NE of Yonakuni, Japan","earthquake","https://earthquake.usgs.gov/earthquakes/eventpage/us6000pkzc"
"us6000pkwy","2025-01-18T08:37:46.200Z","0.077","126.7355","57.508","5.1","mb","106 km SW of Ternate, Indonesia","earthquake","https://earthquake.usgs.gov/earthquakes/eventpage/us6000pkwy"
"us6000pksw","2025-01-17T18:21:56.835Z","-6.9158","154.9649","10","5","mww","87 km SW of Panguna, Papua New Guinea","earthquake","https://earthquake.usgs.gov/earthquakes/eventpage/us6000pksw"
"us6000pkld","2025-01-17T08:55:52.080Z","8.4942","125.8032","10","5","mb","4 km NNE of Talacogon, Philippines","earthquake","https://earthquake.usgs.gov/earthquakes/eventpage/us6000pkld"
"us6000pkla","2025-01-17T01:10:18.502Z","-25.3379","-13.7576","10","5","mb","southern Mid-Atlantic Ridge","earthquake","https://earthquake.usgs.gov/earthquakes/eventpage/us6000pkla"
"us6000pkeg","2025-01-16T13:27:32.356Z","-20.8697","169.2452","28.656","5","mww","147 km S of Isangel, Vanuatu","earthquake","https://earthquake.usgs.gov/earthquakes/eventpage/us6000pkeg"
"us6000pk9u","2025-01-15T21:37:01.080Z","-10.8585","165.9976","42","5.7","mww","26 km SE of Lata, Solomon Islands","earthquake","https://earthquake.usgs.gov/earthquakes/eventpage/us6000pk9u"
"us6000pk50","2025-01-15T12:06:36.533Z","-55.7231","-29.3834","10","5.1","mb","South Sandwich Islands region","earthquake","https://earthquake.usgs.gov/earthquakes/eventpage/us6000pk50"
"us6000pk3x","2025-01-15T07:32:20.793Z","-17.3939","168.2086","74.892","5","mww","39 km NNW of Port-Vila, Vanuatu","earthquake","https://earthquake.usgs.gov/earthquakes/eventpage/us6000pk3x"
"us6000pk2k","2025-01-15T04:20:47.191Z","-30.5465","-178.0407","40.572","5.1","mww","Kermadec Islands, New Zealand","earthquake","https://earthquake.usgs.gov/earthquakes/eventpage/us6000pk2k"
"us6000pk28","2025-01-15T02:08:39.540Z","-2.7914","141.5504","16.416","5","mb","30 km ESE of Vanimo, Papua New Guinea","earthquake","https://earthquake.usgs.gov/earthquakes/eventpage/us6000pk28"
"us6000pjz0","2025-01-14T19:40:24.723Z","-5.0573","149.6962","391.805","5.1","mb","73 km NW of Kimbe, Papua New Guinea","earthquake","https://earthquake.usgs.gov/earthquakes/eventpage/us6000pjz0"
"us6000pjym","2025-01-14T19:02:04.457Z","7.2664","-35.4561","10","5.6","mww","central Mid-Atlantic Ridge","earthquake","https://earthquake.usgs.gov/earthquakes/eventpage/us6000pjym"
"us6000pjxl","2025-01-14T17:12:39.509Z","31.7088","131.8103","37.94","5.3","mww","43 km ENE of Nichinan, Japan","earthquake","https://earthquake.usgs.gov/earthquakes/eventpage/us6000pjxl"
"us6000pjx5","2025-01-14T14:55:56.553Z","8.7904","40.0596","10","5","mb","19 km SE of Metahāra, Ethiopia","earthquake","https://earthquake.usgs.gov/earthquakes/eventpage/us6000pjx5"
"us6000pjx0","2025-01-14T14:09:23.297Z","-4.5162","-104.9945","10","5.2","mww","central East Pacific Rise","earthquake","https://earthquake.usgs.gov/earthquakes/eventpage/us6000pjx0"
"us6000pjw8","2025-01-14T08:05:21.537Z","64.6751","-17.4925","10","5.2","mww","115 km SSE of Akureyri, Iceland","earthquake","https://earthquake.usgs.gov/earthquakes/eventpage/us6000pjw8"
"us6000pjvf","2025-01-14T04:12:22.044Z","-16.2905","-175.4253","322.588","5","mb","178 km WSW of Hihifo, Tonga","earthquake","https://earthquake.usgs.gov/earthquakes/eventpage/us6000pjvf"
"us6000pjqv","2025-01-13T17:52:08.992Z","-31.5501","57.9047","10","5","mb","Southwest Indian Ridge","earthquake","https://earthquake.usgs.gov/earthquakes/eventpage/us6000pjqv"
"us6000pjqa","2025-01-13T16:14:57.255Z","32.0119","131.7181","40.319","5.2","mb","24 km ESE of Takanabe, Japan","earthquake","https://earthquake.usgs.gov/earthquakes/eventpage/us6000pjqa"
"us6000pjpb","2025-01-13T12:58:22.257Z","28.4815","87.4058","10","5.1","mb","Southern Tibetan Plateau","earthquake","https://earthquake.usgs.gov/earthquakes/eventpage/us6000pjpb"
"us6000pjp9","2025-01-13T12:57:37.995Z","28.405","87.3079","10","5","mb","Southern Tibetan Plateau","earthquake","https://earthquake.usgs.gov/earthquakes/eventpage/us6000pjp9"
"us6000pjp8","2025-01-13T12:54:37.585Z","-2.8165","139.6574","51.782","5","mb","111 km WSW of Abepura, Indonesia","earthquake","https://earthquake.usgs.gov/earthquakes/eventpage/us6000pjp8"
"us6000pjp4","2025-01-13T12:24:06.542Z","7.1442","-35.2157","10","5.4","mww","central Mid-Atlantic Ridge","earthquake","https://earthquake.usgs.gov/earthquakes/eventpage/us6000pjp4"
"us6000pjny","2025-01-13T12:19:32.252Z","31.8326","131.5525","39","6.8","mww","15 km SE of Miyazaki, Japan","earthquake","https://earthquake.usgs.gov/earthquakes/eventpage/us6000pjny"
"us6000pjnv","2025-01-13T11:41:09.141Z","5.5763","125.0964","37.472","5","mb","23 km SW of Burias, Philippines","earthquake","https://earthquake.usgs.gov/earthquakes/eventpage/us6000pjnv"
"us6000pjn2","2025-01-13T07:08:04.121Z","-6.2425","146.9358","67.616","5","mww","53 km N of Lae, Papua New Guinea","earthquake","https://earthquake.usgs.gov/earthquakes/eventpage/us6000pjn2"
"us6000pjm2","2025-01-13T02:20:54.549Z","-2.2781","-79.7517","90.55","5","mww","16 km SE of Eloy Alfaro, Ecuador","earthquake","https://earthquake.usgs.gov/earthquakes/eventpage/us6000pjm2"
"us6000pjlq","2025-01-13T00:19:47.641Z","6.6712","123.8527","541.546","5.4","mww","20 km W of Taguisa, Philippines","earthquake","https://earthquake.usgs.gov/earthquakes/eventpage/us6000pjlq"
"us6000pjk4","2025-01-12T15:03:57.239Z","-17.8504","-178.4485","608.249","5","mb","237 km E of Levuka, Fiji","earthquake","https://earthquake.usgs.gov/earthquakes/eventpage/us6000pjk4"
"us6000pjig","2025-01-12T08:32:49.944Z","18.5019","-103.3631","39","6.2","mww","18 km SE of Aquila, Mexico","earthquake","https://earthquake.usgs.gov/earthquakes/eventpage/us6000pjig"
"us6000pjg3","2025-01-11T20:21:15.676Z","-32.4958","-177.7964","10","5","mb","south of the Kermadec Islands","earthquake","https://earthquake.usgs.gov/earthquakes/eventpage/us6000pjg3"
"us6000pjg2","2025-01-11T20:13:28.437Z","-16.2385","-173.1676","35","5.1","mb","74 km ESE of Hihifo, Tonga","earthquake","https://earthquake.usgs.gov/earthquakes/eventpage/us6000pjg2"
"us6000pjfb","2025-01-11T15:19:44.936Z","9.0553","39.9906","10","5.2","mww","19 km NNE of Metahāra, Ethiopia","earthquake","https://earthquake.usgs.gov/earthquakes/eventpage/us6000pjfb"
"us6000pjed","2025-01-11T07:51:49.299Z","13.7311","145.0762","99.185","5","mb","29 km NE of Yigo Village, Guam","earthquake","https://earthquake.usgs.gov/earthquakes/eventpage/us6000pjed"
"us6000pjby","2025-01-11T00:19:00.999Z","9.3085","40.0117","10","5.2","mww","39 km NNW of Āwash, Ethiopia","earthquake","https://earthquake.usgs.gov/earthquakes/eventpage/us6000pjby"
"us6000pj66","2025-01-10T14:31:33.406Z","-35.9604","-102.8916","10","5.2","mww","southeast of Easter Island","earthquake","https://earthquake.usgs.gov/earthquakes/eventpage/us6000pj66"
"us6000pj4s","2025-01-10T08:14:32.949Z","5.9461","-77.4683","18","5.6","mww","31 km SSW of Bahía Solano, Colombia","earthquake","https://earthquake.usgs.gov/earthquakes/eventpage/us6000pj4s"
"us6000pj2q","2025-01-10T01:34:40.147Z","-19.6161","-175.0999","11.931","5.3","mb","81 km WNW of Pangai, Tonga","earthquake","https://earthquake.usgs.gov/earthquakes/eventpage/us6000pj2q"
"us6000pixh","2025-01-09T16:31:45.323Z","13.599","-89.7339","95","5.8","mww","10 km E of Acajutla, El Salvador","earthquake","https://earthquake.usgs.gov/earthquakes/eventpage/us6000pixh"
"us6000pisp","2025-01-09T02:43:58.720Z","-18.2902","167.6443","10","5","mww","93 km SW of Port-Vila, Vanuatu","earthquake","https://earthquake.usgs.gov/earthquakes/eventpage/us6000pisp"
"us6000piqu","2025-01-08T21:31:26.393Z","-59.8945","-61.3142","10","5.3","mww","Drake Passage","earthquake","https://earthquake.usgs.gov/earthquakes/eventpage/us6000piqu"
"us6000piks","2025-01-08T14:15:59.970Z","53.1123","-35.0308","10","5","mb","Reykjanes Ridge","earthquake","https://earthquake.usgs.gov/earthquakes/eventpage/us6000piks"
"us6000pijd","2025-01-08T07:44:22.866Z","34.8006","97.4685","10","5.5","mww","Southern Qinghai, China","earthquake","https://earthquake.usgs.gov/earthquakes/eventpage/us6000pijd"
"us6000piij","2025-01-08T03:51:21.676Z","28.4359","87.3648","10","5","mb","Southern Tibetan Plateau","earthquake","https://earthquake.usgs.gov/earthquakes/eventpage/us6000piij"
"us6000pihw","2025-01-08T00:53:28.175Z","9.0271","40.0639","10","5.3","mww","12 km WNW of Āwash, Ethiopia","earthquake","https://earthquake.usgs.gov/earthquakes/eventpage/us6000pihw"
"us6000pifl","2025-01-07T17:52:21.671Z","-8.2744","119.3325","10","5","mb","38 km NNW of Komodo, Indonesia","earthquake","https://earthquake.usgs.gov/earthquakes/eventpage/us6000pifl"
"us6000pife","2025-01-07T17:23:48.611Z","24.2827","142.0996","534.482","5.3","mww","Volcano Islands, Japan region","earthquake","https://earthquake.usgs.gov/earthquakes/eventpage/us6000pife"
"us6000pifb","2025-01-07T16:38:59.524Z","-37.6508","77.9555","10","5.2","mww","Mid-Indian Ridge","earthquake","https://earthquake.usgs.gov/earthquakes/eventpage/us6000pifb"
"us6000pida","2025-01-07T08:31:30.553Z","31.6194","138.4289","358","5.6","mww","Izu Islands, Japan region","earthquake","https://earthquake.usgs.gov/earthquakes/eventpage/us6000pida"
"us6000pic9","2025-01-07T04:15:30.187Z","-17.6376","-176.843","370.004","5","mb","Fiji region","earthquake","https://earthquake.usgs.gov/earthquakes/eventpage/us6000pic9"
"us6000piar","2025-01-07T01:37:13.647Z","28.7969","87.2321","10","5","mb","Southern Tibetan Plateau","earthquake","https://earthquake.usgs.gov/earthquakes/eventpage/us6000piar"
"us6000piak","2025-01-07T01:24:25.911Z","28.4845","87.4575","10","5","mb","Southern Tibetan Plateau","earthquake","https://earthquake.usgs.gov/earthquakes/eventpage/us6000piak"
"us6000pkpp","2025-01-07T01:14:42.239Z","28.5282","87.356","10","5.2","mb","83 km NE of Lobuche, Nepal","earthquake","https://earthquake.usgs.gov/earthquakes/eventpage/us6000pkpp"
"us6000pia7","2025-01-07T01:13:27.197Z","28.4421","87.4659","10","5.2","mb","Southern Tibetan Plateau","earthquake","https://earthquake.usgs.gov/earthquakes/eventpage/us6000pia7"
"us6000pks6","2025-01-07T01:10:54.880Z","28.8057","87.1343","10","5.2","mb","100 km NNE of Lobuche, Nepal","earthquake","https://earthquake.usgs.gov/earthquakes/eventpage/us6000pks6"
"us6000pks1","2025-01-07T01:09:13.529Z","28.7537","87.1968","10","5.4","mb","96 km NNE of Lobuche, Nepal","earthquake","https://earthquake.usgs.gov/earthquakes/eventpage/us6000pks1"
"us6000pi9w","2025-01-07T01:05:16.734Z","28.6036","87.3781","10","7.1","mww","2025 Southern Tibetan Plateau Earthquake","earthquake","https://earthquake.usgs.gov/earthquakes/eventpage/us6000pi9w"
"us6000pi8v","2025-01-06T21:20:45.820Z","-17.9111","167.9443","35","5","mww","43 km WSW of Port-Vila, Vanuatu","earthquake","https://earthquake.usgs.gov/earthquakes/eventpage/us6000pi8v"
"us6000pi7c","2025-01-06T16:59:50.092Z","28.1592","52.3922","10","5.2","mww","77 km SSW of Fīrūzābād, Iran","earthquake","https://earthquake.usgs.gov/earthquakes/eventpage/us6000pi7c"
"us6000pi7a","2025-01-06T16:44:39.772Z","35.8134","142.081","10","5.1","mww","113 km E of Hasaki, Japan","earthquake","https://earthquake.usgs.gov/earthquakes/eventpage/us6000pi7a"
"us6000pi67","2025-01-06T15:26:46.849Z","33.4298","87.0306","10","5.2","mb","Tibetan Plateau","earthquake","https://earthquake.usgs.gov/earthquakes/eventpage/us6000pi67"
"us6000pi39","2025-01-06T00:52:11.514Z","-10.734","161.868","97.196","5.2","mww","31 km S of Kirakira, Solomon Islands","earthquake","https://earthquake.usgs.gov/earthquakes/eventpage/us6000pi39"
"us6000pi0k","2025-01-05T17:24:43.116Z","-3.7391","151.6914","10","5","mww","73 km NW of Rabaul, Papua New Guinea","earthquake","https://earthquake.usgs.gov/earthquakes/eventpage/us6000pi0k"
"us6000pi09","2025-01-05T17:18:45.784Z","13.0007","-89.1775","46","6.2","mww","56 km SSE of La Libertad, El Salvador","earthquake","https://earthquake.usgs.gov/earthquakes/eventpage/us6000pi09"
"us6000phz2","2025-01-05T09:16:42.355Z","6.4682","126.5325","132.697","5.1","mww","40 km ENE of Pondaguitan, Philippines","earthquake","https://earthquake.usgs.gov/earthquakes/eventpage/us6000phz2"
"us6000phws","2025-01-04T22:23:37.252Z","-16.1014","167.4828","36.934","5.3","mww","7 km E of Lakatoro, Vanuatu","earthquake","https://earthquake.usgs.gov/earthquakes/eventpage/us6000phws"
"us6000phw1","2025-01-04T20:05:45.606Z","9.2988","40.1365","10","5","mb","35 km N of Āwash, Ethiopia","earthquake","https://earthquake.usgs.gov/earthquakes/eventpage/us6000phw1"
"us6000phrk","2025-01-04T00:52:21.078Z","9.4591","40.1219","8","5.7","mww","52 km N of Āwash, Ethiopia","earthquake","https://earthquake.usgs.gov/earthquakes/eventpage/us6000phrk"
"us6000phr5","2025-01-03T22:55:26.242Z","-27.9633","63.4991","10","5","mww","Southwest Indian Ridge","earthquake","https://earthquake.usgs.gov/earthquakes/eventpage/us6000phr5"
"us6000phnz","2025-01-03T17:01:46.324Z","9.3575","40.3457","10","5.5","mww","45 km NNE of Āwash, Ethiopia","earthquake","https://earthquake.usgs.gov/earthquakes/eventpage/us6000phnz"
"us6000phl5","2025-01-03T14:27:16.790Z","9.0119","39.7855","10","5.2","mww","19 km NW of Metahāra, Ethiopia","earthquake","https://earthquake.usgs.gov/earthquakes/eventpage/us6000phl5"
"us6000phdf","2025-01-03T04:32:38.138Z","24.9577","95.5118","154.635","5","mb","128 km SE of Phek, India","earthquake","https://earthquake.usgs.gov/earthquakes/eventpage/us6000phdf"
"us6000phce","2025-01-03T02:33:17.419Z","-58.7696","-25.9578","86","5.5","mww","South Sandwich Islands region","earthquake","https://earthquake.usgs.gov/earthquakes/eventpage/us6000phce"
"us6000phc9","2025-01-03T01:47:28.923Z","-3.7423","151.7104","10","5.1","mww","71 km NW of Rabaul, Papua New Guinea","earthquake","https://earthquake.usgs.gov/earthquakes/eventpage/us6000phc9"
"us6000phb3","2025-01-02T21:18:26.833Z","9.4426","40.2761","10","5.4","mww","52 km NNE of Āwash, Ethiopia","earthquake","https://earthquake.usgs.gov/earthquakes/eventpage/us6000phb3"
"us6000phap","2025-01-02T20:43:35.253Z","-21.7109","-69.1069","99","6.1","mww","84 km NNW of Calama, Chile","earthquake","https://earthquake.usgs.gov/earthquakes/eventpage/us6000phap"
"us6000ph9f","2025-01-02T15:57:07.193Z","-3.9094","151.6398","19.054","5","mww","66 km WNW of Rabaul, Papua New Guinea","earthquake","https://earthquake.usgs.gov/earthquakes/eventpage/us6000ph9f"
"us6000ph1c","2025-01-02T07:41:30.364Z","9.2824","40.1383","10","5.1","mww","33 km N of Āwash, Ethiopia","earthquake","https://earthquake.usgs.gov/earthquakes/eventpage/us6000ph1c"
"us6000ph16","2025-01-02T07:06:39.333Z","-3.7199","151.7189","10","5.4","mww","72 km NW of Rabaul, Papua New Guinea","earthquake","https://earthquake.usgs.gov/earthquakes/eventpage/us6000ph16"
"us6000ph0e","2025-01-02T05:32:23.434Z","-0.2006","125.1945","56.271","5.1","mb","110 km SE of Modisi, Indonesia","earthquake","https://earthquake.usgs.gov/earthquakes/eventpage/us6000ph0e"
"us6000pgzq","2025-01-02T02:54:17.931Z","-62.3342","155.7048","10","5.5","mww","Balleny Islands region","earthquake","https://earthquake.usgs.gov/earthquakes/eventpage/us6000pgzq"
"us6000pgz5","2025-01-02T01:11:04.639Z","-21.3225","-173.8784","10","5.1","mb","111 km E of ‘Ohonua, Tonga","earthquake","https://earthquake.usgs.gov/earthquakes/eventpage/us6000pgz5"
"us6000pgy5","2025-01-01T21:27:41.595Z","-42.4343","-16.0574","10","5.2","mb","southern Mid-Atlantic Ridge","earthquake","https://earthquake.usgs.gov/earthquakes/eventpage/us6000pgy5"
"us6000pgx1","2025-01-01T18:27:51.182Z","-36.1244","-100.6636","10","5.3","mww","southeast of Easter Island","earthquake","https://earthquake.usgs.gov/earthquakes/eventpage/us6000pgx1"
"us6000pgv4","2025-01-01T13:48:24.752Z","-56.4095","-26.7059","70","6.1","mww","South Sandwich Islands region","earthquake","https://earthquake.usgs.gov/earthquakes/eventpage/us6000pgv4"
"us6000pgup","2025-01-01T12:26:22.490Z","-3.7219","151.6971","10","5.1","mww","74 km NW of Rabaul, Papua New Guinea","earthquake","https://earthquake.usgs.gov/earthquakes/eventpage/us6000pgup"
"us6000pgu0","2025-01-01T09:39:42.334Z","-3.8338","151.7147","10","5","mww","64 km NW of Rabaul, Papua New Guinea","earthquake","https://earthquake.usgs.gov/earthquakes/eventpage/us6000pgu0"
"us6000pgtj","2025-01-01T08:09:47.701Z","9.0855","40.0976","10","5","mww","13 km NW of Āwash, Ethiopia","earthquake","https://earthquake.usgs.gov/earthquakes/eventpage/us6000pgtj"
"us6000pgsd","2025-01-01T04:39:18.208Z","-20.9273","169.3819","22","5.5","mww","153 km S of Isangel, Vanuatu","earthquake","https://earthquake.usgs.gov/earthquakes/eventpage/us6000pgsd"
